uniprot,accession,prediction_proba,prediction,variation_nuumber,dScore,Score1,evmutation,FATHMM,FoldX,SASA,maestro,ANM,MS,effectiveness,sensitivity,pyrosetta_mutant,pyrosetta_diff,active_site
O96017,NP_009125.1,0.4210546612739563,0,0.4395448079658606,0.48,-2.302,-6.394549384465563,-2.01,2.16863,55.33,-9.842552,0.8963189227430299,8.177456697952682,0.2935009416201487,1.3136710564570067,121.63566999999992,-2.5934300000000263,0
O96017,NP_009125.1,0.007385085336863995,0,0.635846372688478,-0.09,-2.527,-2.5094190212961394,-2.0,-0.273092,97.16,-9.993161,0.7829332034288643,8.178169757840205,0.34789344286098767,1.6429860026527257,125.27966999999991,1.050569999999965,0
O96017,NP_009125.1,0.5998414754867554,1,0.26458036984352773,1.463,-1.651,-5.6673330848432215,-2.71,2.06937,18.48,-9.881565,0.604307697533295,8.67767978114132,0.4508313208851212,1.0872906149062056,122.91108999999994,-1.318010000000001,0
O96017,NP_009125.1,0.019805042073130608,0,0.5092460881934566,0.287,-2.79,-1.0301639679701111,-0.15,0.0547622,91.6,-9.959224,0.053995077532813886,7.865025899591908,0.4762273593508429,0.7193948533382769,122.80469999999991,-1.424400000000034,0
O96017,NP_009125.1,0.9736299514770508,1,0.07681365576102418,2.441,-0.894,-6.940156392193444,-4.42,1.14713,64.62,-10.060237,0.6329331091782228,8.242931953998403,0.31468950263288875,2.4694962238079765,125.12199999999993,0.8928999999999832,0
O96017,NP_009125.1,0.8546447157859802,1,0.1763869132290185,3.585,-1.848,-6.106896206403462,-2.26,7.36618,49.64,-10.0592,0.18994560879150588,9.111007226354097,0.4570944741460259,0.9501032909672981,126.58482999999991,2.3557299999999657,0
O96017,NP_009125.1,0.047842446714639664,0,0.27453769559032715,0.187,-2.418,-5.005004123743902,0.01,2.28064,54.84,-10.071257,0.13508346701656476,7.963850332938996,0.4876547006701372,1.563436429825728,121.63566999999989,-2.5934300000000547,0
O96017,NP_009125.1,0.041969455778598785,0,0.27453769559032715,3.182,-2.418,-5.005004123743902,-2.26,0.579637,54.84,-9.967988,0.13508346701656476,7.963850332938996,0.4876547006701372,1.563436429825728,124.18634999999993,-0.04275000000001228,0
